Sleep,Mood,Steps
6.653,8,9271.323
0.0,1,0.0
7.178,5,6854.637
7.304,6,7773.839
6.894,6,7599.051
8.222,4,10682.864
7.871,6,4945.409
6.828,5,11409.302
9.903,8,7207.708
8.133,7,10409.349
5.198,4,9614.889
7.849,6,20798.0
10.369,10,386.0
7.292,4,8392.609
8.313,7,11803.119
0.508,3,4870.0
0.576,2,7229.0
6.668,6,8326.811
8.275,4,11655.362
7.195,7,5557.845
6.535,7,8161.583
8.608,7,8470.636
7.57,7,8866.946
7.479,5,6853.32
7.208,7,6175.892
6.714,6,7830.361
3.598,2,16811.0
6.818,6,7261.227
0.0,1,0.0
6.433,9,20234.0
6.085,7,7668.944
7.513,4,12556.804
13.399,8,9414.0
5.981,7,9803.247
1.069,5,3724.0
7.626,4,11497.152
6.837,7,8638.321
7.799,4,7211.055
7.529,1,5224.0
7.666,2,0.0
6.408,8,13023.079
6.432,6,4789.81
8.648,7,6301.341
10.0,6,9868.856
7.848,7,12589.537
7.576,5,8293.018
6.661,7,5843.876
9.086,6,6908.315
6.465,5,9063.49
14.526,6,5323.0
2.547,9,1663.0
2.319,10,1081.0
7.074,6,6986.794
8.209,8,9117.253
7.521,4,6082.048
7.93,5,9990.422
7.549,5,7500.38
7.463,5,5690.268
7.481,7,9490.061
6.581,6,7548.687
9.236,8,7265.859
7.505,5,5498.608
7.796,6,5861.426
7.491,7,9092.547
7.807,8,6753.299
7.548,4,8204.15
8.418,8,7207.748
6.052,5,8594.79
6.375,7,8369.621
9.642,6,8248.145
10.547,6,4110.0
7.605,6,8133.185
9.042,4,8191.472
8.627,5,9518.357
10.762,10,877.0
8.581,7,7423.216
6.438,8,8285.702
7.03,5,0.0
6.281,10,24135.0
7.687,4,5954.829
8.039,7,8469.956
7.4,5,8994.31
12.855,10,23183.0
6.875,8,5229.143
8.458,1,12209.0
9.001,7,7447.361
6.616,6,4135.666
11.706,4,6560.0
7.597,1,8435.0
7.869,7,8285.619
7.62,4,7573.34
7.24,6,9298.995
7.745,6,19412.0
7.396,8,7411.803
8.603,4,7265.179
2.129,10,1493.0
7.993,7,8030.454
6.682,8,11114.754
6.477,6,13003.29
6.021,8,4958.917
6.501,8,5657.568
7.279,6,4708.815
7.43,4,8067.802
10.0,8,7028.932
3.081,9,553.0
6.974,4,6159.523
6.847,6,8590.855
7.473,6,7488.139
7.626,7,9520.644
6.22,8,8374.591
6.321,7,6804.949
6.856,8,6999.228
7.078,4,0.0
7.861,4,8672.142
8.62,8,8425.9
0.734,5,4734.0
6.744,5,7524.578
7.781,5,9499.9
8.095,5,6484.288
6.484,4,8254.185
8.37,4,8657.866
4.797,7,7203.128
1.081,4,3850.0
8.37,4,8128.334
9.252,4,6723.446
0.0,1,0.0
8.636,8,6281.0
7.904,8,7385.883
1.669,5,6559.0
7.714,7,9688.566
11.455,10,647.0
6.22,4,6917.749
7.115,5,8866.777
7.92,4,9058.612
3.037,10,1738.0
7.352,7,11244.35
8.501,8,6748.839
12.388,7,7598.0
7.342,4,6561.987
8.073,4,7496.838
6.949,7,10797.182
6.428,8,8264.373
3.302,9,1054.0
6.89,6,8529.169
7.251,8,5764.501
7.966,8,10435.396
7.21,10,17699.0
8.11,5,10321.398
5.855,4,7626.228
7.756,7,8722.831
7.811,7,10071.449
7.623,4,11257.876
9.109,10,489.0
7.535,7,7833.24
6.855,6,7626.393
5.997,4,7272.161
6.078,6,8193.352
7.402,6,4636.846
6.853,6,5311.911
7.62,7,11016.095
9.349,8,5734.672
7.69,5,10570.771
6.565,4,5483.951
7.669,7,7321.526
7.572,5,7475.71
7.724,7,10360.982
6.035,10,4380.0
7.23,6,4305.183
7.313,5,4011.742
7.655,3,0.0
6.692,8,8359.662
8.15,5,10302.259
8.746,8,6625.547
7.444,7,8099.606
9.065,8,6972.323
7.426,4,4847.297
14.873,10,20680.0
10.0,8,9873.008
2.075,9,1669.0
7.325,5,6485.746
7.823,8,7511.438
7.844,6,4268.91
8.0,10,10000.0
6.082,3,0.0
6.661,8,10216.086
6.908,6,5724.625
7.434,5,6334.59
8.091,6,10366.648
7.81,6,7650.359
7.114,1,12722.0
7.388,4,7650.111
2.173,10,1418.0
8.817,4,8666.48
8.53,4,8273.344
0.0,3,3292.0
8.701,8,8314.517
8.464,4,8099.342
6.175,4,24338.0
7.797,1,14632.0
7.218,4,7015.019
8.576,7,9169.367
5.985,4,7413.189
6.592,7,7445.368
12.175,6,9712.0
8.134,5,5341.63
7.549,4,6544.655
8.093,8,8662.971
7.021,5,4748.801
8.504,7,3527.342
6.765,4,5818.207
3.474,10,1138.0
9.347,7,10387.29
6.707,5,4327.856
6.73,6,9209.185
7.157,7,10580.522
6.797,8,7236.135
7.255,7,7635.164
6.877,6,8001.0
6.874,5,9193.724
6.46,8,6919.794
7.372,5,10482.295
8.173,6,5850.071
9.062,5,7834.279
8.259,8,6318.785
6.772,6,9745.837
8.457,7,4179.576
7.598,4,9314.73
7.166,2,0.0
8.697,5,4557.648
6.455,8,7187.515
10.0,8,9885.09
7.231,4,8369.736
11.055,6,8642.0
9.377,8,7876.32
8.39,6,5348.412
7.19,7,8283.532
7.877,8,7544.224
8.661,4,6651.619
6.898,8,5938.574
7.889,6,6480.987
7.015,6,7061.717
0.0,5,4980.0
6.605,4,6874.616
7.716,5,7587.37
8.007,6,10809.885
9.05,6,7828.784
7.611,7,9718.628
14.297,6,6246.0
7.098,6,0.0
7.637,7,7784.011
10.938,6,1378.0
6.317,8,4307.903
0.0,1,0.0
8.371,4,13537.785
7.567,6,10693.287
8.212,8,11166.955
7.714,6,9354.719
6.276,6,7257.451
5.028,4,9005.43
7.544,4,6055.695
6.251,3,0.0
7.6,7,9309.353
9.415,10,900.0
6.848,4,10230.867
7.76,8,5772.962
7.819,6,9536.668
7.834,6,6901.28
8.372,8,20846.0
1.487,3,5415.0
6.24,7,19863.0
7.277,5,10420.487
2.858,2,21258.0
7.987,5,3752.634
6.353,9,18986.0
6.795,4,7680.63
6.808,4,6076.23
7.245,2,0.0
8.0,10,10000.0
7.442,4,6464.977
8.139,7,2718.205
8.219,8,9964.358
6.537,3,0.0
6.432,7,6144.432
6.938,4,7428.993
7.622,8,3602.614
7.739,5,12296.966
7.685,8,6748.231
7.41,6,7766.979
9.255,7,9550.847
7.521,7,11696.701
7.37,4,9951.357
7.945,4,24695.0
5.808,8,5021.707
12.804,5,5491.0
8.674,6,18686.0
6.831,8,8844.217
7.573,10,18374.0
8.253,6,6505.921
8.109,5,7329.2
8.17,5,8634.294
7.777,5,8688.768
7.443,4,10099.988
8.291,6,7402.807
8.378,10,22948.0
7.434,8,8220.779
12.15,6,5581.0
8.418,7,11394.864
8.419,7,7102.392
7.962,6,7954.844
7.573,5,9998.838
8.594,6,8400.03
11.338,10,292.0
7.547,5,10268.59
6.217,8,6895.884
8.0,10,10000.0
6.774,2,0.0
7.26,6,7415.983
8.334,6,8298.712
12.216,10,23416.0
7.088,5,8565.892
7.832,8,8345.054
6.679,8,7787.557
8.772,8,8151.519
6.467,9,16028.0
8.246,4,7909.07
6.923,5,9093.922
7.251,8,8641.753
8.726,5,8028.0
9.51,4,6868.977
7.576,8,7434.227
6.722,6,8755.658
8.218,6,10781.465
6.77,4,7246.599
7.745,6,10411.912
6.276,5,7329.801
4.849,7,8044.408
5.797,7,6458.526
5.984,4,7810.752
6.494,5,9216.816
8.0,10,10000.0
5.894,7,4956.806
6.946,7,7489.12
9.561,4,6333.253
7.807,8,10073.294
8.106,8,8681.308
8.352,7,11533.311
7.265,4,10573.195
7.683,8,8211.308
8.162,4,3587.162
8.041,4,8587.298
8.323,5,7785.29
12.311,4,8637.0
7.057,5,9874.134
6.498,6,8193.94
0.0,4,4160.0
6.29,6,8147.866
8.087,5,7535.741
2.079,9,820.0
8.214,4,7461.967
8.12,9,20508.0
7.822,4,8397.589
3.824,9,864.0
5.633,6,10486.469
8.856,4,8923.333
7.929,1,11170.0
7.34,7,10166.681
7.971,5,6419.974
6.581,8,8577.264
12.746,6,5749.0
7.761,5,7459.446
6.447,7,9419.569
5.737,6,10057.309
7.313,6,5157.694
7.205,4,11663.245
8.425,7,11676.201
7.582,8,5143.703
9.003,7,10016.008
6.14,4,5877.413
6.075,8,9619.779
7.43,8,5358.149
8.454,7,9050.381
8.738,8,7254.119
10.0,8,10538.345
7.321,6,0.0
8.209,7,6138.672
3.45,10,1417.0
12.579,4,4845.0
8.874,7,11112.615
7.467,8,8557.984
7.366,4,7747.736
14.263,3,6917.0
0.0,1,0.0
8.019,7,7407.908
7.296,4,8365.059
8.975,5,9639.457
6.822,6,6309.743
0.0,3,2822.0
8.071,8,11135.592
5.347,8,5562.569
8.13,4,8489.639
8.778,7,9305.293
8.484,4,7594.165
8.079,8,5909.571
9.272,8,4281.173
8.643,6,11252.761
9.815,5,9522.611
7.515,7,9934.622
8.591,5,5647.96
8.0,10,10000.0
7.686,7,4348.032
8.108,6,7059.513
5.937,4,6313.197
7.184,8,7918.899
7.389,7,10183.892
5.977,8,11018.915
8.0,10,10000.0
8.2,5,8048.815
2.876,1,20791.0
7.138,8,11150.779
0.754,5,2817.0
5.587,7,4750.404
9.033,5,7519.694
8.756,4,8576.822
8.4,8,6004.651
8.347,6,9375.129
6.977,4,5907.29
7.574,6,6416.581
8.014,5,9919.913
9.575,8,5860.08
0.0,3,1811.0
6.596,6,11540.335
9.376,4,7688.869
8.942,5,5375.635
8.372,8,10133.74
7.085,7,8677.397
5.376,6,9197.478
7.291,6,10249.674
7.714,2,0.0
7.884,8,7556.623
7.838,7,10402.03
7.69,8,8801.384
7.964,5,0.0
8.954,6,8681.905
6.092,6,6997.261
6.598,5,0.0
8.554,4,9428.638
14.692,3,6424.0
8.947,4,6949.222
6.078,4,9153.588
7.701,6,7636.216
5.924,4,6282.375
8.567,5,7025.221
9.115,8,9343.396
7.031,6,8458.628
8.589,4,6364.144
10.268,10,150.0
7.437,7,6586.54
8.182,6,11070.297
7.824,6,7209.57
8.037,8,3477.418
0.0,2,1404.0
8.186,8,6637.89
9.653,4,9672.657
7.904,8,7415.49
6.807,4,7804.027
6.591,4,8548.055
7.841,8,6992.306
7.444,5,8860.131
7.717,5,10853.186
7.017,7,6956.186
7.006,4,11687.797
7.324,5,7452.998
7.826,8,8457.326
0.967,5,5309.0
7.802,5,6876.824
7.587,4,8321.155
9.051,7,12889.166
8.154,4,7923.72
8.119,6,8465.743
0.0,2,4035.0
6.669,5,8018.93
8.131,5,8899.8
9.68,10,910.0
7.217,7,18739.0
7.455,2,0.0
7.823,5,8007.761
8.472,7,7282.592
6.347,4,0.0
3.66,10,556.0
7.454,4,9569.563
8.196,4,10301.215
4.651,6,7746.528
8.464,6,7804.338
8.649,7,8276.381
13.316,3,8262.0
6.274,6,7746.239
6.71,4,6855.612
8.649,4,10798.567
9.858,10,878.0
7.296,7,7411.39
6.673,7,6514.45
7.829,5,6739.427
7.235,6,5960.988
7.327,7,7068.61
6.995,4,12547.882
8.101,1,11364.0
6.184,7,21906.0
13.887,10,21734.0
6.636,6,8378.222
5.076,6,10717.166
6.404,5,8334.074
7.198,6,10410.191
6.85,7,20916.0
6.397,6,7701.137
9.023,5,6814.981
6.877,1,4145.0
8.0,10,10000.0
3.787,2,12789.0
3.614,10,1241.0
9.038,8,11914.349
6.304,6,5397.313
8.436,4,8218.815
7.32,7,8011.876
2.066,2,4981.0
6.354,6,5351.826
8.669,6,9067.296
2.693,2,19740.0
2.835,10,1870.0
7.105,2,0.0
8.116,7,8846.425
6.562,7,7660.664
7.641,6,7078.335
9.94,8,5811.27
8.94,4,11329.604
7.36,8,4734.244
8.668,6,6891.889
7.558,5,9346.264
8.536,7,19384.0
8.251,8,9641.934
8.047,6,10425.216
7.914,4,7877.623
8.476,6,6297.259
2.366,3,6721.0
8.014,4,5308.833
7.694,4,11459.771
9.114,7,7185.237
6.532,6,7915.263
8.659,8,6812.194
6.312,4,8919.561
8.438,8,10276.831
8.767,7,11246.526
3.363,1,18131.0
8.875,7,5147.755
0.978,5,1858.0
7.484,6,19808.0
4.909,8,6214.341
8.966,8,9704.358
6.918,8,8021.758
6.901,7,12328.015
8.506,8,9241.495
5.884,6,6512.228
5.137,7,7745.074
6.982,6,6185.984
7.18,5,5699.656
5.916,4,8947.868
5.907,4,10676.051
8.941,8,7427.663
6.929,4,10601.054
8.175,7,8137.274
9.028,7,6060.993
6.967,7,6234.069
7.528,6,11808.867
0.0,1,0.0
5.741,4,8509.994
7.734,4,6648.372
7.451,7,11139.733
0.0,2,1425.0
6.946,6,8373.524
7.592,7,11446.931
7.487,5,8297.82
9.184,5,8887.047
2.05,1,12307.0
7.686,9,17079.0
6.66,8,6961.685
5.664,7,8710.864
9.577,6,10032.187
6.971,8,10163.443
7.617,5,8505.18
10.0,6,6269.857
8.691,4,12371.423
8.353,5,7403.187
14.071,10,8086.0
7.465,5,8970.003
7.794,4,9945.235
8.226,7,7122.508
6.964,6,9862.539
6.524,4,5263.462
13.158,10,22322.0
7.703,5,11493.478
7.275,5,8196.997
7.428,7,6072.833
7.208,8,6627.326
5.633,6,5708.199
6.547,8,5566.682
9.176,4,5662.518
6.375,8,5764.442
7.779,4,12828.435
7.981,6,8288.687
7.748,4,8867.498
7.743,7,9243.044
7.248,6,8868.592
8.001,7,9918.881
8.736,8,12560.999
7.494,5,4565.876
6.56,4,6337.458
8.565,8,4671.047
7.781,10,23320.0
7.016,5,10505.231
6.435,4,4853.1
6.8,7,7728.145
6.78,4,7532.17
2.075,9,430.0
6.036,4,6348.032
7.857,4,5864.73
8.016,7,5477.576
8.33,5,9313.894
7.582,6,8044.205
10.349,10,329.0
7.229,7,6818.651
11.201,3,3321.0
9.129,7,7591.409
1.879,3,6113.0
9.331,5,6841.909
0.0,1,0.0
6.848,8,6168.151
6.898,4,5943.807
9.657,4,8340.404
8.008,6,7838.589
7.151,8,8434.833
6.261,10,7238.0
7.236,5,0.0
2.035,1,19332.0
6.511,5,8239.197
7.029,4,6415.403
7.012,4,8679.448
8.208,5,7494.097
7.446,8,7268.401
2.329,9,1768.0
8.358,5,7999.762
8.469,6,8855.235
7.996,4,9680.638
7.191,6,8386.706
7.724,6,3285.332
7.461,4,7610.647
7.44,8,6468.28
7.832,5,8395.299
6.493,5,6248.553
6.342,8,8393.127
6.492,7,6343.205
6.877,7,6420.231
8.899,8,8628.959
9.711,4,5784.117
8.132,8,8168.648
7.588,8,8766.164
6.671,4,8222.554
7.799,8,12556.486
8.498,6,6119.079
2.057,5,2788.0
7.521,8,8574.267
0.0,5,3767.0
8.004,8,6372.939
6.578,7,6183.588
8.327,8,7851.263
8.414,7,8301.744
8.673,6,8754.184
7.571,1,11782.0
6.098,8,10509.624
6.954,4,11065.867
8.679,6,3487.5
7.043,6,7910.509
8.686,6,11717.955
7.697,7,8901.311
6.8,8,6820.181
14.319,9,6404.0
8.334,6,7760.117
6.603,6,6809.793
7.673,7,7978.124
2.558,2,17389.0
7.15,1,6261.0
6.488,6,10673.841
6.682,7,8049.715
6.573,5,7032.026
9.132,6,6383.563
7.147,7,5045.97
0.754,4,4161.0
8.644,5,5283.577
6.851,4,4516.593
7.992,4,5074.467
10.826,6,7854.0
0.702,5,3747.0
9.077,4,8243.629
7.971,6,5608.752
6.097,5,4276.1
7.661,5,6866.978
7.544,6,3933.999
8.557,1,13641.0
6.03,9,24226.0
7.827,7,2745.869
2.921,10,979.0
6.536,5,0.0
8.141,7,8718.605
7.88,6,8957.637
7.286,8,8440.704
8.112,6,7342.801
8.441,5,2758.658
10.918,10,763.0
6.783,4,11734.448
0.0,1,0.0
8.817,6,5493.085
7.473,7,10093.35
6.13,8,11868.777
7.099,4,8170.568
7.772,5,10911.162
8.051,7,9035.04
7.112,5,7115.154
0.758,2,7614.0
0.0,1,0.0
9.771,4,6751.803
7.937,6,9628.85
11.173,10,521.0
12.539,10,22191.0
0.747,3,3072.0
6.169,7,11020.221
10.037,10,650.0
6.941,7,7519.344
8.018,6,9993.049
7.175,4,5821.3
7.824,5,7244.891
9.271,8,7030.419
6.969,4,6263.872
6.18,5,11993.7
8.084,7,6437.407
7.48,4,7738.526
8.717,8,5287.927
6.993,4,10283.706
7.385,7,7823.911
7.682,6,4757.212
9.133,7,9126.271
1.444,1,6649.0
8.341,7,7520.815
6.911,4,9256.764
7.048,5,8363.027
7.219,4,7803.214
7.882,8,5871.557
7.241,8,10629.629
8.807,6,7051.309
13.457,10,23227.0
8.148,6,5791.177
7.838,4,5672.285
7.736,5,5639.433
8.066,7,5220.802
6.936,8,10029.291
8.996,1,11668.0
6.252,4,5367.46
8.372,4,8690.151
11.11,4,9420.0
8.173,5,8460.202
7.444,4,7119.406
6.064,8,3770.267
1.072,1,2124.0
0.975,4,7085.0
6.3,6,9856.09
8.133,6,6515.504
7.65,8,8500.591
6.945,4,7713.769
2.486,9,1023.0
7.959,7,9480.814
6.255,6,12241.136
6.752,4,9021.726
7.51,8,9066.97
7.053,8,8056.158
7.678,7,5181.786
7.491,1,7196.0
6.239,6,9172.666
8.778,8,6441.409
0.0,2,2925.0
7.928,8,8020.036
8.778,8,5233.075
7.282,7,10330.064
7.017,8,9398.461
8.0,10,10000.0
8.869,6,9352.884
8.577,1,10616.0
9.051,4,6390.551
8.0,10,10000.0
5.79,7,7331.727
8.61,8,7732.804
6.782,7,11464.099
7.767,8,10114.033
9.048,5,7731.689
5.872,4,6421.306
7.503,7,5759.633
8.0,10,10000.0
6.429,8,6739.563
6.61,8,6646.658
8.26,4,6558.748
7.692,8,10573.252
7.412,6,7680.168
7.427,7,9310.081
7.724,8,9653.283
7.846,8,10522.636
6.309,5,5734.662
6.929,5,5583.642
8.663,5,7581.958
9.946,6,10506.178
0.0,1,0.0
8.044,5,7800.06
7.135,6,6794.07
7.998,8,7961.063
8.186,8,9033.035
7.834,5,6776.156
7.533,3,0.0
7.054,6,9505.365
8.688,7,10640.368
8.644,10,17069.0
6.717,8,11015.267
7.599,6,7024.013
7.697,8,6691.196
8.475,4,7936.975
6.165,6,7182.728
7.625,5,6468.38
6.649,8,10530.891
14.719,5,4285.0
9.381,4,9574.062
7.977,4,4838.498
7.711,6,8803.838
6.938,4,7523.324
6.657,4,9956.144
8.088,5,11902.284
5.807,4,5683.428
2.48,9,614.0
0.0,1,0.0
7.518,4,10736.197
10.0,7,6386.507
6.248,5,7751.145
8.662,7,6982.875
7.279,7,5860.209
8.687,5,6848.11
6.357,6,3259.495
3.661,1,13231.0
7.306,8,8931.547
9.031,5,8524.429
6.504,2,0.0
8.038,5,9777.546
7.895,6,7250.935
2.277,10,1268.0
7.68,5,5251.257
6.396,6,6729.154
7.022,8,12883.009
8.434,7,6640.534
8.242,7,9538.491
8.147,6,8180.365
8.26,6,8715.446
7.327,8,8009.202
7.108,5,11334.765
7.041,7,4595.743
8.609,4,11347.803
7.767,4,8470.777
7.199,5,7396.732
8.397,10,23869.0
6.518,6,7366.47
8.178,7,9721.449
7.112,6,7731.71
7.079,7,6641.231
8.486,5,7783.19
6.358,6,5707.199
5.944,8,4856.844
7.675,8,10036.314
6.397,5,10146.499
7.31,4,7579.666
14.604,3,3568.0
7.596,4,7575.142
10.0,7,9717.377
0.91,2,3990.0
6.847,5,7706.883
6.827,4,7694.378
0.0,1,0.0
7.568,6,5626.238
0.0,1,0.0
7.436,8,5653.461
6.362,4,0.0
6.955,4,9691.052
7.464,5,7946.336
8.426,4,6923.528
8.082,7,7838.104
6.143,5,7778.929
13.832,5,1209.0
6.544,4,9147.374
6.096,5,0.0
6.908,5,7604.462
8.45,7,5457.178
6.678,10,9000.0
8.0,10,10000.0
8.991,6,6684.425
7.236,5,22435.0
7.291,8,11208.183
8.818,4,6660.393
8.008,6,10732.478
3.198,10,687.0
7.471,3,0.0
8.599,8,5508.812
8.222,7,8621.716
8.123,4,6628.004
7.708,4,10329.167
7.309,6,6997.508
7.975,6,5507.472
5.347,6,6906.384
7.783,5,10444.131
7.298,6,11469.664
7.564,7,8963.567
7.526,4,9586.571
7.722,6,8496.548
0.0,1,0.0
6.579,4,8049.527
6.502,7,9737.02
3.076,9,252.0
6.578,4,7177.058
7.524,8,10728.164
8.097,5,8159.009
8.022,5,6569.956
7.956,6,8806.874
7.51,6,9879.159
7.922,7,7276.735
7.007,7,6404.373
6.419,8,6870.036
7.582,8,6681.986
5.943,5,7742.202
12.68,10,21903.0
8.909,4,7397.274
7.437,7,7358.881
5.289,4,4534.912
7.067,5,8564.005
6.747,4,5311.794
8.549,5,8058.205
8.233,7,9853.734
6.473,4,6694.383
9.202,7,6730.536
7.422,5,8155.52
7.546,7,7471.924
12.677,4,4803.0
7.613,8,7430.483
6.888,7,8047.79
7.881,6,8087.171
7.925,7,9316.785
9.397,8,7836.954
7.696,6,6813.856
7.485,5,10789.251
7.348,5,11244.386
7.256,5,7272.594
8.604,8,19740.0
8.089,8,9841.196
6.769,4,7338.044
7.556,8,6549.807
7.056,7,7996.527
6.696,8,4583.761
7.683,8,10573.006
6.82,8,7344.353
6.094,5,8269.415
7.777,7,22642.0
7.475,8,4224.936
7.954,6,10942.787
6.33,5,10933.747
0.0,1,1425.0
7.671,6,7707.88
7.9,8,6916.982
8.198,8,9260.298
8.978,6,6390.481
6.894,6,9910.648
6.899,6,8512.444
7.936,4,8759.101
6.95,6,7787.761
8.996,7,2978.33
6.188,7,6199.892
6.119,9,23099.0
0.0,1,0.0
9.588,4,10740.087
7.348,6,5738.199
6.639,7,8264.546
8.64,5,10296.892
6.9,5,7356.588
7.685,5,10095.702
3.979,10,1629.0
7.823,6,10090.502
8.237,8,5712.881
5.475,5,7439.462
7.387,3,0.0
7.344,4,10155.803
5.831,7,4724.79
8.45,5,7235.546
8.015,5,11396.186
7.738,4,8247.323
6.969,6,5831.258
7.808,8,8677.783
6.697,8,8760.614
6.116,2,0.0
8.011,7,7815.389
7.893,7,4246.563
7.831,7,7863.445
9.03,5,8188.249
2.27,1,21280.0
6.971,4,8830.353
7.979,8,7203.716
7.442,4,0.0
7.902,5,6715.611
0.0,4,1497.0
7.013,8,7322.617
8.171,8,8764.261
8.607,5,6179.119
6.936,7,8796.056
7.784,4,0.0
6.661,6,16614.0
7.691,6,6927.656
5.797,5,9874.655
6.541,8,7077.256
4.579,5,7770.566
2.465,10,1551.0
7.464,5,8509.2
8.523,8,6647.518
6.753,5,7447.02
6.22,7,10406.096
7.476,7,8153.966
6.774,7,6540.671
8.763,5,8670.043
9.791,6,7013.71
6.592,4,8353.973
7.857,5,6586.879
7.059,4,0.0
7.405,5,11090.514
0.0,1,0.0
7.75,5,3503.714
8.122,7,9793.177
8.128,5,4822.363
9.079,4,6327.786
7.401,5,7561.936
3.89,9,1598.0
7.025,4,8356.348
9.663,4,7573.056
6.969,6,8263.289
6.643,5,9560.141
8.463,6,8166.962
8.455,8,9797.297
7.492,8,10800.8
6.272,8,6989.966
7.065,8,2755.562
6.837,4,10524.98
8.0,10,10000.0
8.496,8,11436.814
8.292,8,6316.576
5.433,8,6487.353
8.338,4,8064.66
12.301,5,8314.0
6.496,4,6217.566
11.287,6,8095.0
7.032,6,10355.089
8.415,8,7567.096
5.854,5,13979.0
7.252,5,8042.12
7.223,7,8739.547
8.531,4,10307.127
12.602,10,24824.0
8.996,9,21755.0
7.892,8,8065.416
9.963,5,10858.916
8.377,4,6900.791
7.219,5,9083.291
9.211,5,5505.415
6.965,6,7832.145
6.644,8,9656.132
7.34,4,6891.853
7.775,5,0.0
7.989,7,7654.526
5.548,6,8154.29
8.558,5,9991.744
8.113,6,8248.313
8.592,8,5078.15
9.352,7,7805.764
6.152,8,5310.702
7.852,6,10187.395
6.622,4,8586.55
7.185,4,9046.79
10.0,5,7887.731
8.658,5,8198.277
7.79,6,7499.624
8.53,8,6542.695
6.948,8,7016.524
7.744,8,4734.795
6.18,8,5696.263
8.093,7,4582.692
5.669,4,9176.491
6.824,7,6231.683
7.151,6,16877.0
6.786,8,7048.023
6.015,5,6639.008
8.492,4,9243.892
12.457,10,21612.0
7.497,5,9040.759
5.898,5,5644.778
8.196,7,6261.495
3.268,2,18581.0
6.89,8,7805.738
3.145,1,14514.0
7.741,4,9553.292
6.062,6,7002.47
7.968,6,16665.0
7.744,8,11026.673
2.965,2,23634.0
6.052,5,6166.145
8.475,6,5007.971
12.089,10,21728.0
7.65,6,9617.849
8.384,7,7291.642
8.03,6,6827.279
8.366,4,8419.427
2.231,4,6085.0
6.479,5,9396.642
11.935,7,2872.0
8.325,8,4059.999
5.24,5,11759.0
7.46,6,8119.536
6.926,7,9520.237
14.937,4,2387.0
7.525,5,11941.729
5.462,7,8796.898
6.854,6,8556.598
7.054,7,6555.462
6.533,6,4279.104
8.261,6,20647.0
7.697,4,10059.765
7.426,8,7543.323
7.994,8,8058.503
8.148,7,7845.565
6.811,4,8386.641
8.802,5,4068.142
8.013,5,5530.309
8.573,6,8722.399
6.509,7,9464.469
7.141,5,5950.015
8.135,4,9760.57
6.497,8,10878.891
12.839,7,9296.0
6.975,7,4983.624
2.015,10,1230.0
6.256,8,10292.357
7.496,5,6857.251
6.308,1,8733.0
7.727,6,10693.339
1.646,3,5421.0
7.476,8,10401.518
6.887,8,7721.899
0.0,1,0.0
9.326,8,4465.979
8.892,5,10000.043
1.14,2,6073.0
7.403,4,6556.073
9.752,8,6750.247
7.82,8,8966.88
6.702,6,5047.866
7.037,8,7874.671
8.056,6,4383.287
8.971,4,10167.842
6.551,6,2555.445
6.51,7,4888.06
8.037,6,8891.129
6.997,4,7053.47
7.882,6,6218.221
9.592,7,7399.09
6.861,2,0.0
5.775,8,5581.931
1.064,1,7375.0
8.259,8,7348.825
2.206,1,2176.0
7.562,5,8173.94
7.649,6,6351.433
6.764,4,11976.668
6.887,7,9114.609
8.001,4,12207.346
6.521,8,8239.114
7.885,8,6685.03
7.781,4,6453.833
7.259,6,7334.686
2.126,10,724.0
7.481,5,9795.087
8.606,8,6171.437
6.896,7,4595.731
9.366,6,6319.058
7.568,7,10980.759
7.633,8,8762.489
7.811,5,6881.34
7.287,8,8290.161
7.754,5,11198.313
6.602,7,10447.421
6.021,4,13139.814
10.816,10,904.0
8.0,10,10000.0
8.0,10,10000.0
6.983,4,9840.023
3.674,10,1685.0
8.395,4,8821.064
7.557,4,5986.819
6.787,6,8763.933
12.537,4,1737.0
5.893,5,8146.869
0.0,4,1931.0
6.082,7,8400.903
9.255,4,7276.823
7.53,7,6789.214
7.629,5,8783.341
6.807,8,7440.863
6.901,4,7011.291
6.97,7,3629.406
8.047,4,8017.527
12.981,10,21866.0
7.569,5,2671.335
0.705,4,1213.0
5.625,6,1800.659
0.0,4,2018.0
2.13,10,1651.0
7.924,7,7078.45
7.671,6,8182.202
13.966,5,8844.0
7.631,8,8650.874
6.525,6,7504.572
7.687,8,7141.872
8.423,9,19291.0
7.668,8,6533.47
8.843,10,24587.0
6.733,5,8477.659
6.823,8,6761.855
5.739,4,10081.828
2.789,1,13309.0
7.701,5,9527.395
7.192,7,9325.452
6.773,4,7994.5
9.665,7,6456.578
8.124,7,10836.481
11.609,10,285.0
7.313,5,10690.762
7.742,8,9560.686
7.647,7,9602.162
6.684,4,10009.186
6.573,7,9835.935
11.057,10,661.0
7.463,5,11177.015
7.107,8,6844.499
7.944,6,4559.109
7.666,4,6295.597
8.314,5,10616.024
7.37,4,8553.446
2.933,9,888.0
7.969,4,5912.771
7.379,5,9991.562
7.894,4,8319.435
6.269,6,5642.367
7.56,8,10740.819
5.838,6,7353.124
7.028,8,7249.012
8.243,6,8423.201
10.219,10,345.0
1.566,4,2527.0
6.286,5,13531.959
7.929,8,11047.051
7.62,6,7207.209
7.462,5,9106.727
7.789,7,9865.487
6.254,4,6449.932
7.281,7,6957.198
5.974,4,8319.296
8.063,7,3003.013
0.604,5,3907.0
5.739,6,7361.66
7.227,7,8901.783
9.023,6,9847.941
7.681,5,8704.581
8.258,7,11058.593
7.266,8,7014.49
7.477,8,8830.545
8.308,6,9463.82
7.297,5,9191.288
6.785,4,10802.858
5.76,6,6780.198
8.03,7,6205.017
8.005,6,10289.213
8.707,4,5780.094
7.135,6,8851.189
5.001,7,10424.317
9.021,5,8829.189
7.196,1,12937.0
6.377,8,6721.539
8.84,4,6751.203
9.195,4,12224.699
7.699,5,7628.765
6.953,5,10108.824
13.007,2,9444.0
8.805,8,6479.621
8.659,5,9434.567
14.827,7,2888.0
8.145,6,6319.217
8.538,5,11619.03
12.618,10,22486.0
9.382,6,6741.296
6.304,4,7356.031
8.058,8,8542.214
6.422,8,6608.277
6.743,4,3015.314
8.353,4,12233.494
7.261,8,11309.509
7.012,5,4392.222
7.428,4,6415.582
6.956,4,7566.527
9.139,6,13275.39
7.76,5,10564.727
6.64,5,5212.338
7.06,5,6965.726
8.087,7,7985.753
6.998,4,8974.828
8.728,8,4590.263
7.367,4,6400.74
7.133,5,6826.654
7.1,6,10357.897
7.275,5,6563.039
6.744,6,8103.568
6.715,6,16292.0
7.698,4,24698.0
8.586,4,9463.202
9.107,6,7670.878
14.206,10,23175.0
7.391,5,13109.373
8.139,8,16604.0
8.086,6,7087.227
7.538,7,10232.493
7.243,4,3884.066
7.331,6,8541.673
7.163,4,9366.521
8.135,4,8734.192
5.698,4,5519.291
7.606,4,6357.061
8.19,6,6293.393
9.128,7,9469.196
7.201,4,8106.615
7.876,5,9012.734
1.676,5,2973.0
5.695,6,5975.453
7.316,8,11613.069
8.431,4,6962.784
6.21,8,11806.585
8.247,6,10364.468
7.136,8,7298.579
9.385,4,6932.29
9.093,5,9045.124
8.267,7,4230.427
7.634,6,7207.367
7.038,6,11008.429
8.88,6,6907.778
6.675,4,10137.919
8.557,5,9306.386
14.29,3,2386.0
9.386,7,8306.204
7.287,7,9405.764
8.35,4,6367.924
6.838,7,5371.708
8.151,8,5724.386
7.327,5,7640.367
6.461,1,4783.0
7.279,4,10244.407
6.223,8,9614.924
7.579,8,6459.234
8.638,5,7234.0
8.828,8,8792.399
6.523,2,0.0
7.732,4,7201.802
8.071,6,8262.042
7.546,7,9210.447
7.254,6,7446.728
0.0,1,4332.0
6.289,4,9014.842
0.0,3,1877.0
8.856,4,7279.788
7.417,6,9414.372
8.496,6,11369.159
8.912,5,5242.393
7.021,8,10467.634
7.476,5,8772.0
6.798,6,4877.295
7.245,8,9062.193
7.685,8,8635.817
8.007,6,23258.0
7.614,5,10886.579
6.446,4,6695.573
6.673,5,8699.539
9.338,4,11127.8
6.528,8,9163.558
9.17,4,6477.14
9.955,8,3533.442
6.798,8,8446.182
7.151,6,6422.656
5.581,7,8707.096
7.384,4,8259.001
9.69,7,10329.23
6.122,6,7656.104
6.823,5,3671.38
6.703,8,7303.413
7.862,6,8821.524
9.556,5,9151.809
6.056,4,0.0
8.993,5,6144.157
7.982,6,8139.859
7.178,7,6615.696
6.683,4,10294.123
7.46,6,6852.14
6.438,8,9345.886
7.28,6,7730.398
10.731,4,3165.0
2.911,10,1878.0
6.37,5,13290.074
8.745,8,22121.0
6.917,6,9893.857
7.452,7,9728.487
7.913,7,6960.05
9.265,5,9326.895
8.719,8,6780.127
7.867,4,7908.277
8.673,6,10642.123
6.948,7,7558.714
6.021,7,8203.371
6.476,4,9797.236
7.761,5,4426.109
0.896,2,6086.0
7.191,5,8592.729
8.483,5,9216.458
8.665,8,10399.751
7.157,4,7245.912
9.002,5,8247.835
4.88,8,5705.356
8.271,5,8527.093
7.047,7,9259.962
5.885,4,10180.969
6.943,6,5382.443
7.054,6,7507.516
6.561,8,9558.06
10.591,10,972.0
0.0,1,0.0
8.219,9,19273.0
10.0,5,4893.144
7.527,5,11011.09
8.45,6,9532.392
8.134,6,8447.497
0.0,3,609.0
6.07,6,9419.858
8.1,7,11058.608
5.974,7,5452.565
6.331,6,8701.885
8.902,9,22941.0
7.129,4,9528.211
7.905,4,6551.507
0.969,2,1495.0
6.845,10,22105.0
7.108,7,7069.566
7.802,6,4088.61
6.442,8,6641.118
0.655,2,5179.0
0.0,1,0.0
6.986,6,10190.321
7.945,4,8217.607
7.614,4,7592.546
7.676,4,4555.313
7.766,4,0.0
7.997,8,7459.68
7.867,6,10065.114
4.604,5,8069.249
6.876,7,8441.617
0.0,1,0.0
8.978,7,8533.346
7.127,5,4842.65
6.748,8,8639.185
6.389,6,6333.41
0.605,2,2144.0
8.152,4,10366.454
7.362,6,3617.852
8.208,4,4689.262
7.666,1,10875.0
9.125,4,4784.21
7.405,6,0.0
12.256,6,2220.0
7.05,8,3870.085
6.741,4,3949.164
9.14,6,7073.522
6.748,5,12055.479
7.339,7,5600.281
7.279,10,4832.0
8.211,6,9980.477
7.42,7,7606.019
9.08,4,5887.344
7.121,4,9354.363
6.394,8,6888.861
6.602,8,6195.619
6.863,7,10891.729
7.851,4,8563.838
8.039,7,7359.075
5.887,7,9945.993
8.282,6,10175.48
7.241,6,11241.952
8.459,5,5841.215
7.615,7,8257.306
7.35,8,7587.751
3.998,10,559.0
11.261,7,1233.0
8.713,7,8488.422
6.086,7,4714.893
8.506,10,22372.0
8.404,4,9702.954
8.043,7,11425.335
6.441,4,8867.011
5.418,5,9633.736
7.016,6,11376.884
7.011,5,7113.81
6.923,5,10020.828
8.08,7,9852.964
8.145,8,8945.834
8.695,6,9236.218
6.148,8,8442.955
6.432,4,9094.605
9.465,7,10758.325
7.937,8,6227.25
7.315,8,7802.217
8.095,8,5831.58
8.07,5,5729.067
9.409,7,7728.291
8.514,5,6143.715
8.238,5,7138.571
8.159,4,10629.56
6.522,8,8629.413
6.923,7,10080.377
7.071,4,7930.956
7.67,7,7317.651
6.249,6,10459.548
6.846,4,7753.897
7.277,8,5651.852
9.212,7,4423.869
7.516,4,8323.564
5.831,6,8712.433
8.951,5,6324.581
9.004,6,11244.997
8.316,8,8676.768
3.901,9,1106.0
7.211,8,4523.777
9.301,7,2823.167
8.111,7,9359.151
7.973,8,10813.562
8.259,6,7865.541
9.074,4,9013.755
7.628,6,5972.388
6.008,10,5386.0
14.013,6,7054.0
3.111,2,12421.0
7.076,4,0.0
8.014,6,8943.725
6.832,6,10330.655
0.0,5,164.0
8.727,7,7625.126
6.29,5,9519.845
8.0,10,10000.0
11.216,6,9074.0
5.534,8,6766.338
6.919,7,6017.419
7.867,8,8978.168
7.831,6,6412.427
5.506,5,7589.543
8.649,1,13812.0
9.917,10,969.0
9.178,5,9786.489
9.347,7,7325.624
5.512,8,8998.171
7.604,8,7709.497
8.532,7,5872.421
8.383,7,8444.471
5.427,5,4441.141
2.495,9,1403.0
7.254,5,11746.209
7.191,6,6726.66
7.974,6,4470.808
7.202,4,8159.513
5.301,8,7796.56
9.066,5,9487.803
7.137,6,9832.021
8.36,6,6194.601
6.965,4,7353.041
5.732,5,7253.141
7.205,8,7214.116
6.849,6,3247.134
14.199,10,22463.0
6.093,5,8653.248
7.842,6,7251.639
9.228,8,5451.014
8.242,8,8648.518
8.882,6,10820.428
7.08,6,6158.834
7.39,5,11173.0
7.251,7,10416.696
14.262,6,9563.0
0.653,5,5924.0
7.363,6,8980.159
7.231,7,9583.593
7.423,4,8193.656
6.715,4,6394.677
6.653,4,7651.699
6.172,4,7868.051
7.274,8,7901.59
7.899,8,10302.439
7.597,5,8806.601
8.322,4,7282.468
7.541,6,8637.593
9.295,6,9723.634
6.822,6,13276.351
0.0,1,0.0
8.73,5,10984.0
7.552,5,7939.194
8.51,6,9622.407
7.564,7,8579.307
7.38,6,12214.237
6.33,5,6829.466
7.77,8,8253.046
6.117,7,6903.667
8.0,10,10000.0
7.677,8,19845.0
9.354,4,5263.274
7.913,8,6876.108
14.344,10,21861.0
8.05,7,8308.096
6.899,5,8354.438
7.472,7,6984.533
7.779,8,11016.495
11.855,4,2174.0
6.419,4,7787.024
6.43,4,6889.384
11.421,5,8111.0
6.746,8,8062.152
9.671,7,8075.253
8.052,6,10209.884
9.161,7,8458.294
7.874,4,5653.687
0.0,1,0.0
7.749,6,10006.766
8.98,6,9108.449
8.944,5,6861.945
5.502,7,5539.724
7.899,5,5175.411
6.65,6,11557.31
6.577,6,7878.164
7.476,6,8375.078
9.644,6,10105.583
7.908,7,8946.102
8.017,8,22869.0
6.518,4,7436.395
6.812,4,7676.888
11.269,7,2857.0
6.704,5,6346.97
6.35,8,20987.0
7.94,5,6848.237
9.25,8,8224.642
6.38,6,8057.582
7.758,4,8028.488
2.677,10,1959.0
5.629,6,5997.876
8.064,7,10836.478
6.746,5,5457.158
6.672,5,10138.289
8.455,6,7314.07
6.936,5,8248.09
8.32,8,6029.611
6.808,6,9142.817
8.977,8,7940.517
6.888,6,7823.752
8.115,6,8405.888
1.052,1,2089.0
8.182,7,7443.762
7.685,6,7327.243
8.35,5,8902.0
3.193,9,391.0
6.877,6,6975.19
7.133,7,4133.42
9.001,7,7352.135
8.529,8,6043.356
7.65,5,11613.032
6.97,5,7797.243
7.247,4,9237.26
8.322,4,7375.156
9.173,6,6838.464
6.196,7,10404.955
7.031,8,5643.119
0.883,1,4050.0
7.513,8,4532.347
8.579,8,9101.575
10.484,10,422.0
7.575,4,8252.826
0.0,2,1068.0
0.0,1,0.0
6.99,8,5051.525
7.314,5,7870.665
8.419,7,8143.762
6.121,8,7239.185
7.358,10,8795.0
6.727,7,7374.968
7.57,8,8151.755
8.266,8,8628.566
9.513,7,5800.705
7.709,7,4511.339
0.0,5,1342.0
7.467,6,7809.381
7.071,5,8813.455
6.833,1,5527.0
1.395,2,3275.0
5.076,4,10429.947
6.246,5,10934.143
7.314,6,0.0
5.327,6,6617.231
9.165,7,7558.115
8.356,7,6779.954
7.694,5,9191.405
7.393,7,13267.076
7.769,4,10107.842
6.722,5,5163.88
6.924,7,8429.653
7.329,10,7672.0
7.664,8,16572.0
6.96,5,8757.621
8.256,1,14087.0
6.843,6,8568.951
5.966,6,11985.665
8.416,5,8385.12
9.013,8,9275.439
10.0,7,7369.799
7.128,7,9040.976
8.953,4,7376.026
11.283,5,6193.0
7.609,4,11117.596
7.308,7,10928.909
7.616,6,6915.435
6.561,5,7285.0
8.58,5,6674.187
6.069,7,9899.046
7.913,6,6217.563
7.981,5,12141.0
8.013,7,10287.673
6.862,4,8976.21
0.0,5,1924.0
8.659,5,4889.0
8.554,6,5493.409
6.624,7,6965.634
9.819,6,8300.577
5.525,5,8091.743
7.985,6,7322.631
7.034,8,4298.737
5.787,6,8436.05
9.633,6,8438.221
8.849,5,2583.0
6.205,5,8236.424
6.166,7,2573.515
8.163,6,10660.763
7.317,5,10899.707
10.232,10,727.0
9.271,10,302.0
7.809,5,7791.403
7.139,4,7245.316
8.0,10,10000.0
5.937,7,11945.622
8.479,1,13617.0
8.61,1,9544.0
7.944,5,6826.069
7.701,5,7881.603
6.945,5,6204.025
8.524,6,10189.343
8.157,7,8688.712
8.149,5,7709.847
7.682,3,0.0
6.792,8,9834.63
5.995,5,5831.859
7.353,4,8549.484
7.633,1,11756.0
8.547,5,11864.919
8.255,7,8137.691
6.133,6,11299.567
7.698,5,6590.356
6.873,8,6009.193
2.502,2,14653.0
7.467,5,5701.257
11.682,6,4867.0
7.622,6,6876.435
7.534,7,4706.272
8.043,5,10639.271
12.693,5,4554.0
6.357,8,11239.649
7.417,7,7762.983
8.043,8,8239.201
6.042,8,9112.843
7.568,6,11818.837
7.481,7,7080.902
7.716,1,4238.0
7.893,5,11863.881
8.89,7,11901.704
7.096,8,7976.679
7.587,4,6805.153
6.678,6,6364.569
5.461,7,9839.407
8.867,5,5101.161
7.263,6,9220.046
7.719,8,6385.72
7.353,4,9964.639
8.77,6,21409.0
7.698,5,8339.689
7.957,7,10583.27
7.695,8,7996.189
7.172,7,10759.677
8.55,7,9177.305
7.453,5,6958.273
8.228,7,9747.257
7.094,3,0.0
8.586,4,6499.278
7.826,8,5731.207
9.414,4,5979.555
9.298,6,7342.112
8.79,8,7863.722
7.068,6,5368.229
7.732,5,7323.012
7.846,5,10289.519
7.025,4,10939.165
8.299,10,23405.0
5.839,8,5916.305
7.838,8,5206.132
8.697,5,10002.733
6.092,5,6769.625
6.782,8,6097.461
7.401,7,9182.831
7.333,7,7344.116
8.058,6,9693.893
6.418,4,9010.653
9.373,8,7491.793
7.079,5,7267.517
8.876,8,6281.534
11.789,10,524.0
8.551,7,10254.748
6.984,8,8056.026
6.758,4,8069.734
7.261,4,10026.912
7.073,6,4873.821
10.954,4,8847.0
8.797,6,6872.635
9.575,7,4621.085
7.78,6,0.0
6.509,8,6177.329
7.93,8,5533.005
2.862,1,15985.0
7.465,7,11979.71
8.708,5,9985.86
5.659,7,8145.449
0.0,1,0.0
7.151,4,7346.753
8.781,4,8208.456
2.401,5,3835.0
6.156,5,7230.409
8.252,6,6994.761
7.514,5,9119.401
8.0,10,10000.0
6.025,7,24168.0
8.674,5,5185.0
5.845,8,10365.131
6.727,4,5459.183
7.06,6,10145.773
7.559,7,4614.637
2.964,10,1588.0
6.998,4,2200.212
9.799,4,7968.164
7.786,8,8806.938
7.039,5,5167.133
5.886,7,10193.305
8.544,4,10363.523
5.458,5,7825.488
6.982,8,5501.21
8.473,4,11302.473
9.645,5,7024.652
7.803,6,7814.034
7.266,8,6995.45
6.489,1,5915.0
6.853,4,9041.106
6.49,7,7524.53
10.314,10,391.0
6.476,4,5925.469
2.454,2,12109.0
7.78,6,9872.418
7.411,8,8345.1
7.56,4,5664.932
7.072,7,5755.694
13.021,10,22503.0
6.502,8,8170.158
6.371,6,6614.49
7.409,4,5683.174
7.479,4,7768.693
7.341,8,6167.717
6.41,2,0.0
8.314,5,9417.437
7.797,8,5942.847
9.095,4,9117.302
8.395,8,6792.22
8.329,4,10285.4
7.24,8,9915.109
7.783,7,5070.606
7.824,8,8859.126
6.659,5,0.0
7.518,6,6279.615
1.056,1,5055.0
6.732,4,8639.265
8.54,8,11113.764
7.865,8,9618.232
8.884,8,6823.691
7.225,8,7531.33
8.456,10,16716.0
6.819,5,9695.864
6.393,8,9571.624
8.738,6,8676.505
7.45,8,6530.884
7.87,6,19896.0
7.597,5,5404.981
6.088,5,9430.325
6.278,8,7953.95
6.279,7,12161.532
2.462,5,2162.0
7.529,6,6791.665
3.12,10,663.0
6.977,5,5882.993
6.737,4,7332.442
7.358,6,7521.246
8.574,7,10651.94
1.1,4,4598.0
13.288,7,2658.0
7.115,7,6867.743
6.642,8,5724.524
7.259,4,9113.472
6.55,5,9083.0
8.649,7,6569.874
8.864,5,6970.103
7.165,6,9085.657
1.143,4,1337.0
7.557,5,8157.555
6.746,7,7508.242
8.06,7,8298.839
7.249,6,6390.081
8.382,7,11870.641
7.793,7,10992.204
5.378,6,7468.756
8.829,6,11242.454
7.035,7,5106.136
8.689,7,8032.631
8.318,6,6807.165
6.989,7,4330.384
2.088,5,3593.0
8.213,6,6542.644
3.586,10,1872.0
6.314,3,0.0
7.148,6,7432.631
7.092,8,8012.423
9.112,7,9132.613
1.168,4,1841.0
7.814,5,5982.672
6.934,4,7573.216
4.946,5,6509.353
7.191,6,6780.031
13.716,3,9641.0
7.877,8,4660.265
8.286,6,11037.437
9.622,6,7093.788
7.053,6,4029.078
8.201,7,8130.701
7.253,8,9706.843
7.315,7,8017.656
8.139,6,7673.547
6.726,5,9705.192
8.126,5,7516.501
6.94,7,8304.87
6.463,5,5567.348
6.128,4,9863.869
7.115,7,7454.611
8.272,5,6479.164
6.795,5,4492.0
0.0,1,3332.0
8.0,10,10000.0
6.522,7,9192.794
6.153,6,9298.861
7.847,6,7574.843
8.077,8,10282.929
7.974,7,7550.509
6.485,4,9122.134
7.94,4,8737.476
6.487,8,8245.687
5.905,5,9351.02
7.577,4,7877.796
14.86,2,4175.0
8.077,7,7007.895
4.628,5,9078.561
7.698,8,10008.753
7.789,9,20543.0
11.343,3,9212.0
7.924,6,8693.272
8.0,10,10000.0
7.33,4,5885.204
7.948,5,8975.811
8.333,1,13655.0
6.262,4,6259.488
6.856,7,9451.057
8.182,4,10186.474
12.579,10,23167.0
8.589,6,10364.706
6.349,5,8933.432
3.059,2,22139.0
7.521,7,7259.549
6.12,4,9607.839
13.509,10,20972.0
7.532,6,8034.911
8.18,7,5716.656
5.54,4,9164.489
6.154,7,6813.055
6.093,5,7471.658
8.384,7,9639.776
8.7,5,7179.748
6.924,6,6820.865
0.0,3,4959.0
7.418,4,6891.324
14.863,6,5491.0
7.125,4,7091.933
7.474,4,12781.532
6.205,5,9508.152
9.599,10,224.0
6.665,8,6805.27
8.482,5,6039.185
8.428,6,8877.004
8.0,10,10000.0
9.043,5,6692.24
3.842,10,289.0
6.929,5,13721.0
6.832,7,11263.143
3.926,10,1486.0
6.701,4,7390.156
6.525,4,7252.676
7.91,4,12431.089
7.843,5,6516.033
7.954,1,12364.0
7.724,6,5784.034
0.0,5,504.0
10.927,4,5498.0
7.505,6,10314.693
3.354,2,23039.0
8.532,5,9789.447
6.698,5,7300.77
6.849,6,7856.706
6.203,7,6256.459
8.687,4,10749.568
7.041,5,9229.683
7.374,6,11725.493
6.5,7,7532.975
7.547,5,8043.888
9.142,8,9298.729
6.596,4,9200.238
8.0,10,10000.0
7.774,1,4486.0
6.514,8,9119.154
7.356,8,5779.149
7.611,9,18934.0
10.0,6,8595.21
5.219,5,8499.0
8.845,5,6501.569
6.748,5,6697.794
4.259,4,9457.818
7.165,6,10455.875
7.991,4,9526.668
7.772,2,0.0
1.212,2,2550.0
7.164,7,8959.359
2.765,1,12669.0
6.886,4,0.0
9.187,7,10205.855
2.013,2,4690.0
8.3,7,6651.314
6.263,8,8887.003
7.034,5,5526.959
6.127,5,0.0
6.615,8,6821.82
6.155,5,12131.0
7.356,5,6598.926
7.713,7,11997.743
7.973,8,6818.366
6.06,5,8834.79
5.721,7,9158.838
2.336,10,317.0
7.654,8,6649.038
8.35,8,7520.985
7.465,7,9020.455
5.906,8,7637.229
8.903,4,8303.755
8.583,8,9216.884
7.734,6,7064.356
8.235,7,9022.653
7.197,6,10260.44
9.439,4,7218.536
9.4,7,8249.094
7.2,1,10936.0
6.177,6,9540.501
7.382,8,8044.901
8.815,6,6889.773
8.921,5,9580.757
7.586,6,6453.125
9.169,4,8397.899
7.362,6,9187.853
8.424,5,12441.368
6.545,8,11552.175
9.993,6,6557.631
6.008,1,7247.0
8.721,8,8398.971
13.855,5,5655.0
8.689,8,7882.471
8.377,1,9782.0
6.654,6,7655.711
6.898,4,0.0
6.957,8,8833.859
7.989,7,5686.043
7.919,8,7483.839
7.19,6,6686.09
7.269,7,8000.373
7.333,5,5205.695
7.063,5,4974.086
9.196,6,7147.463
8.208,6,6297.674
7.623,7,8397.352
8.341,8,5928.178
7.528,5,7238.007
6.453,8,10070.258
7.177,6,7750.041
9.562,7,6923.077
7.111,8,23233.0
6.38,6,7976.553
6.892,5,10073.031
6.923,6,5725.642
5.861,5,5201.0
13.204,10,22755.0
7.952,7,6778.436
7.896,6,7535.391
8.553,6,7092.415
9.557,7,9441.544
1.395,1,5687.0
8.239,8,6152.786
5.929,6,6638.234
7.129,5,4808.726
8.336,7,5191.997
8.498,8,9279.807
8.453,5,9095.312
0.0,4,1515.0
6.036,4,7422.409
8.023,5,10916.051
7.174,6,10208.141
9.296,8,8824.218
7.725,6,9193.517
12.993,4,7035.0
7.724,4,6479.418
8.015,5,6387.275
6.18,7,10851.789
7.323,4,10394.373
8.854,4,6042.372
2.329,10,1475.0
8.114,8,7501.272
8.433,7,3952.692
8.143,6,8594.167
8.294,4,10067.782
12.075,3,8937.0
2.718,1,18777.0
7.066,5,7979.669
8.178,5,10486.624
6.101,5,8572.39
8.121,8,9239.618
10.599,3,6463.0
7.858,7,8504.335
3.613,10,1731.0
0.0,1,0.0
7.181,5,7669.754
9.69,7,6395.691
8.679,4,4406.524
8.014,6,7677.819
7.992,7,5650.317
7.274,7,8157.806
6.11,4,10109.718
9.506,5,6813.35
7.002,10,24128.0
6.861,4,10035.373
6.567,7,9520.427
8.313,5,8968.893
8.0,10,10000.0
7.68,5,11368.697
7.577,4,4911.245
6.692,4,10732.309
7.404,4,11491.743
7.708,5,5020.725
5.943,4,5529.439
7.484,6,5196.184
7.179,8,8182.377
6.849,4,12969.94
7.642,8,4957.74
6.707,4,7014.455
6.014,7,6420.305
7.219,8,7711.424
7.909,6,0.0
8.061,6,5627.862
8.287,4,6985.457
6.69,5,9588.602
6.796,4,9979.72
8.278,6,9494.146
7.829,4,7790.416
6.926,6,5007.602
8.193,4,5267.105
7.984,6,0.0
8.323,6,8846.684
5.93,8,4655.5
6.613,8,7067.392
7.96,8,5692.534
3.311,1,12946.0
6.527,7,7662.07
8.157,10,24780.0
7.385,7,6431.019
8.0,10,10000.0
8.257,6,9987.86
7.21,5,8942.88
8.729,5,5349.0
8.0,10,10000.0
4.803,5,7052.27
7.011,8,9727.893
6.596,4,9806.878
14.221,5,4551.0
8.371,6,3579.914
5.985,7,6902.502
0.589,3,2023.0
5.61,6,5625.069
8.421,6,20833.0
7.178,5,8561.065
9.145,8,8651.682
6.745,6,7394.077
7.274,4,10502.913
6.302,7,8945.326
6.51,7,8272.275
8.617,6,11879.977
8.748,5,6557.9
7.378,7,9958.371
9.312,8,11654.523
8.688,4,11896.489
5.949,8,12700.412
3.747,1,20215.0
9.227,4,7574.997
7.488,6,5222.184
8.069,4,7387.668
8.114,8,5470.627
7.986,1,4440.0
9.563,4,6460.875
7.419,6,12408.458
7.821,7,7419.925
7.582,4,2191.071
7.703,5,6992.992
